id,action,actionLastChangedAt,batchID,batchIDLastChangedAt,condition,conditionLastChangedAt,context,contextLastChangedAt,ended,endedLastChangedAt,gameID,gameIDLastChangedAt,idx,idxLastChangedAt,index,indexLastChangedAt,question,questionLastChangedAt,scenario,scenarioLastChangedAt,stageIndex,stageIndexLastChangedAt,start,startLastChangedAt
01K2QAYF49M1XKEDSX4J7HFTAH,"John just bought a brand new pair of dress shoes. In the hallway out front Maria’s apartment, he takes the shoes out of the box for the first time and puts them on. John then walks around Maria’s apartment in his pristine dress shoes.",2025-08-15T13:02:56.649176-04:00,01K2QAWKF5V6255MQC4V1D9FQT,2025-08-15T13:02:56.649176-04:00,overinclusion,2025-08-15T13:02:56.649176-04:00,"One day, a guest entered Maria’s house with his shoes on and dirtied the carpet in her living room. In order to keep her house as clean as possible, Maria established that “Wearing shoes in the house is not allowed”.",2025-08-15T13:02:56.649176-04:00,true,2025-08-15T13:02:58.446572-04:00,01K2QAWKFQGR9NZ4Q4VW0SB00G,2025-08-15T13:02:56.649176-04:00,1,2025-08-15T13:02:56.649176-04:00,0,2025-08-15T13:02:56.649176-04:00,Did John break the rule?,2025-08-15T13:02:56.649176-04:00,shoes,2025-08-15T13:02:56.649176-04:00,1,2025-08-15T13:02:56.675442-04:00,true,2025-08-15T13:02:56.889557-04:00
01K2QB4YFCWYV3WCCG099BAETM,"Joan has no interest in math class, so she decides to groom herself instead. She takes a nail clipper and file from her purse and begins to cut and file her fingernails, allowing the clippings to fall onto the classroom floor.",2025-08-15T13:06:28.972592-04:00,01K2QB1FMGQTR04DSF89JKEWNV,2025-08-15T13:06:28.972592-04:00,underinclusion,2025-08-15T13:06:28.972592-04:00,"Students who snack during class often drop their food in the classroom. To keep the classrooms clean, the school has decided to ban food in the classroom.",2025-08-15T13:06:28.972592-04:00,true,2025-08-15T13:06:54.36182-04:00,01K2QB1FN0RTA59BMSCCQHNFDR,2025-08-15T13:06:28.972592-04:00,5,2025-08-15T13:06:28.972592-04:00,4,2025-08-15T13:06:28.972592-04:00,Did Joan break the rule?,2025-08-15T13:06:28.972592-04:00,classroom,2025-08-15T13:06:28.972592-04:00,1,2025-08-15T13:06:29.025209-04:00,true,2025-08-15T13:06:49.8993-04:00
01K2QB2P444WN3XMF2XVWG99NZ,"Andrea is late to work. While getting ready as fast as she can, Andrea uses mouthwash that contains alcohol. Despite her tardiness, Andrea drives carefully. On her way, she is stopped by the police. The breathalyzer test detects a small amount of alcohol.",2025-08-15T13:05:14.8842-04:00,01K2QB0RESFNZQAXX6FAGX5BNW,2025-08-15T13:05:14.8842-04:00,overinclusion,2025-08-15T13:05:14.8842-04:00,"While driving under the influence of alcohol, a young woman suffered a car accident that ended her life. In order to avoid future accidents, Congress established a law: ""If a police-administered breathalyzer test detects any trace of alcohol, the driver’s vehicle will be seized and the driver subject to imprisonment.""",2025-08-15T13:05:14.8842-04:00,true,2025-08-15T13:05:54.479312-04:00,01K2QB0RFAJQPEC2FMKQCB556M,2025-08-15T13:05:14.8842-04:00,8,2025-08-15T13:05:14.8842-04:00,7,2025-08-15T13:05:14.8842-04:00,Did Andrea break the rule?,2025-08-15T13:05:14.8842-04:00,driving,2025-08-15T13:05:14.8842-04:00,1,2025-08-15T13:05:14.951692-04:00,true,2025-08-15T13:05:45.095681-04:00
01K2QB4YF8HHX19RAG8Y5CBGM9,Joanna walks into the park. She takes a long and relaxing stroll observing the trees and birds.,2025-08-15T13:06:28.968903-04:00,01K2QB1FMGQTR04DSF89JKEWNV,2025-08-15T13:06:28.968903-04:00,compliance,2025-08-15T13:06:28.968903-04:00,"One day at the local park, there was a tragic accident involving a pedestrian and a car. Aiming to avoid accidents that could endanger parkgoers or jeopardize their physical integrity, the park administrators established a rule that: “No cars are allowed inside the park”.",2025-08-15T13:06:28.968903-04:00,true,2025-08-15T13:06:40.077437-04:00,01K2QB1FN0RTA59BMSCCQHNFDR,2025-08-15T13:06:28.968903-04:00,2,2025-08-15T13:06:28.968903-04:00,1,2025-08-15T13:06:28.968903-04:00,Did Joanna break the rule?,2025-08-15T13:06:28.968903-04:00,vehicles,2025-08-15T13:06:28.968903-04:00,1,2025-08-15T13:06:29.000984-04:00,true,2025-08-15T13:06:34.56378-04:00
01K2QB75VW5SK9VYH44A6HBRJ5,"John is late to work and notices that the only way he can get there in time for an important meeting is by taking a shortcut through the park. He takes the shortcut, making it just in time for his meeting.",2025-08-15T13:07:42.07659-04:00,01K2QB1V25FDAP7C3B0JZFSW0F,2025-08-15T13:07:42.07659-04:00,violation,2025-08-15T13:07:42.07659-04:00,"One day at the local park, there was a tragic accident involving a pedestrian and a car. Aiming to avoid accidents that could endanger parkgoers or jeopardize their physical integrity, the park administrators established a rule that: “No cars are allowed inside the park”.",2025-08-15T13:07:42.07659-04:00,true,2025-08-15T13:08:03.669117-04:00,01K2QB1V2QW2F16B5TXV6VK2ZT,2025-08-15T13:07:42.07659-04:00,5,2025-08-15T13:07:42.07659-04:00,4,2025-08-15T13:07:42.07659-04:00,Did John break the rule?,2025-08-15T13:07:42.07659-04:00,vehicles,2025-08-15T13:07:42.07659-04:00,1,2025-08-15T13:07:42.132259-04:00,true,2025-08-15T13:07:59.222271-04:00
01K2QAZWVA49P876ZMF3GYHMNF,"Marcos, a student at Figuria University, borrows some books from the library. To help him study, he takes notes on the page margins. This helps Marcos make connections between important points in his assigned readings. After finishing his study, he meticulously erases all his notes, and returns the books in the same condition he borrowed them in.",2025-08-15T13:03:43.466817-04:00,01K2QAWXBGEB3B9E2DG8G4BRJN,2025-08-15T13:03:43.466817-04:00,overinclusion,2025-08-15T13:03:43.466817-04:00,"After noticing damage to returned library books, the Figuria University Library created the following rule: “Making notes and scribbling on library-owned books is strictly forbidden”.",2025-08-15T13:03:43.466817-04:00,true,2025-08-15T13:03:47.906184-04:00,01K2QAWXC1FZZAQ9RXE3A2H2A9,2025-08-15T13:03:43.466817-04:00,4,2025-08-15T13:03:43.466817-04:00,3,2025-08-15T13:03:43.466817-04:00,Did Marcos break the rule?,2025-08-15T13:03:43.466817-04:00,library,2025-08-15T13:03:43.466817-04:00,1,2025-08-15T13:03:43.513255-04:00,true,2025-08-15T13:03:46.818864-04:00
01K2QB2P4025N9CMNF4VME5D89,"Richard is a homeless person. At the end of the day, he lies down on a bench at the station, resting his head on a makeshift pillow and wrapped in an old blanket. However, Richard never actually sleeps.",2025-08-15T13:05:14.880507-04:00,01K2QB0RESFNZQAXX6FAGX5BNW,2025-08-15T13:05:14.880507-04:00,underinclusion,2025-08-15T13:05:14.880507-04:00,"A group of people slept on the benches at the train station every night. To avoid use of the station concourse as accommodation or overnight shelter, the station manager established a rule: “No sleeping is allowed on the station benches”.",2025-08-15T13:05:14.880507-04:00,true,2025-08-15T13:05:45.068958-04:00,01K2QB0RFAJQPEC2FMKQCB556M,2025-08-15T13:05:14.880507-04:00,7,2025-08-15T13:05:14.880507-04:00,6,2025-08-15T13:05:14.880507-04:00,Did Richard break the rule?,2025-08-15T13:05:14.880507-04:00,sleep,2025-08-15T13:05:14.880507-04:00,1,2025-08-15T13:05:14.944485-04:00,true,2025-08-15T13:05:39.865033-04:00
01K2QAZ5T0VB793TQEDFBEP008,"Anna goes for a walk on the paths of the Aurontown National Park and reaches the site of the reforestation project. Without harming the native shrubs, Anna skips over the fence to take a photo of the sunset.",2025-08-15T13:03:19.873014-04:00,01K2QAWQJD5D6BKAZVS6RTNAR3,2025-08-15T13:03:19.873014-04:00,overinclusion,2025-08-15T13:03:19.873014-04:00,"As a result of changing weather, the native flora in Aurontown is disappearing. The environmental committee has initiated a reforestation project to replant native shrubs in the Aurontown National Park, which will gradually restore the regional flora. So people will not damage the native shrubs, park authorities have laid a fence around the reforestation site, and posted signs that say: “No park visitors beyond this point”.",2025-08-15T13:03:19.873014-04:00,true,2025-08-15T13:03:21.62659-04:00,01K2QAWQJXX669KX4WQBJPYGMV,2025-08-15T13:03:19.873014-04:00,1,2025-08-15T13:03:19.873014-04:00,0,2025-08-15T13:03:19.873014-04:00,Did Anna break the rule?,2025-08-15T13:03:19.873014-04:00,environment,2025-08-15T13:03:19.873014-04:00,1,2025-08-15T13:03:19.897915-04:00,true,2025-08-15T13:03:20.10583-04:00
01K2QB2P3ZDCZF5N0QM901WBCQ,The city's championship-winning team parades in a big limo inside the park to celebrate the title. The limo proceeds very slowly and police scouts on the ground ensure no parkgoer gets too close.,2025-08-15T13:05:14.879131-04:00,01K2QB0RESFNZQAXX6FAGX5BNW,2025-08-15T13:05:14.879131-04:00,overinclusion,2025-08-15T13:05:14.879131-04:00,"One day at the local park, there was a tragic accident involving a pedestrian and a car. Aiming to avoid accidents that could endanger parkgoers or jeopardize their physical integrity, the park administrators established a rule that: “No cars are allowed inside the park”.",2025-08-15T13:05:14.879131-04:00,true,2025-08-15T13:05:35.370642-04:00,01K2QB0RFAJQPEC2FMKQCB556M,2025-08-15T13:05:14.879131-04:00,5,2025-08-15T13:05:14.879131-04:00,4,2025-08-15T13:05:14.879131-04:00,Did the team break the rule?,2025-08-15T13:05:14.879131-04:00,vehicles,2025-08-15T13:05:14.879131-04:00,1,2025-08-15T13:05:14.929424-04:00,true,2025-08-15T13:05:32.075504-04:00
01K2QB75VZA1YH7RDRX6WC2PGT,"Andrea is late to work. While getting ready as fast as she can, Andrea uses mouthwash that contains alcohol. Despite her tardiness, Andrea drives carefully. On her way, she is stopped by the police. The breathalyzer test detects a small amount of alcohol.",2025-08-15T13:07:42.079362-04:00,01K2QB1V25FDAP7C3B0JZFSW0F,2025-08-15T13:07:42.079362-04:00,overinclusion,2025-08-15T13:07:42.079362-04:00,"While driving under the influence of alcohol, a young woman suffered a car accident that ended her life. In order to avoid future accidents, Congress established a law: ""If a police-administered breathalyzer test detects any trace of alcohol, the driver’s vehicle will be seized and the driver subject to imprisonment.""",2025-08-15T13:07:42.079362-04:00,true,2025-08-15T13:08:15.738784-04:00,01K2QB1V2QW2F16B5TXV6VK2ZT,2025-08-15T13:07:42.079362-04:00,8,2025-08-15T13:07:42.079362-04:00,7,2025-08-15T13:07:42.079362-04:00,Did Andrea break the rule?,2025-08-15T13:07:42.079362-04:00,driving,2025-08-15T13:07:42.079362-04:00,1,2025-08-15T13:07:42.174897-04:00,true,2025-08-15T13:08:11.740688-04:00
01K2QAX7VT7HRDQR7XJ1C01TQY,"Richard is a homeless person. At the end of the day, he lies down on a bench at the station, resting his head on a makeshift pillow and wrapped in an old blanket. However, Richard never actually sleeps.",2025-08-15T13:02:16.442442-04:00,01K2QAWG3MDEZ9NDS9QH0QFJBJ,2025-08-15T13:02:16.442442-04:00,underinclusion,2025-08-15T13:02:16.442442-04:00,"A group of people slept on the benches at the train station every night. To avoid use of the station concourse as accommodation or overnight shelter, the station manager established a rule: “No sleeping is allowed on the station benches”.",2025-08-15T13:02:16.442442-04:00,true,2025-08-15T13:02:34.929216-04:00,01K2QAWG4R9KZ2ZDRE9JK01K7Z,2025-08-15T13:02:16.442442-04:00,4,2025-08-15T13:02:16.442442-04:00,3,2025-08-15T13:02:16.442442-04:00,Did Richard break the rule?,2025-08-15T13:02:16.442442-04:00,sleep,2025-08-15T13:02:16.442442-04:00,1,2025-08-15T13:02:16.489916-04:00,true,2025-08-15T13:02:30.952092-04:00
01K2QAX7VWG7NPQYP138ENC2ED,"Jolene goes for a walk on the paths of the Aurontown National Park and reaches the site of the reforestation project. She skips over the fence, and rips a branch off one of the native shrubs.",2025-08-15T13:02:16.444174-04:00,01K2QAWG3MDEZ9NDS9QH0QFJBJ,2025-08-15T13:02:16.444174-04:00,violation,2025-08-15T13:02:16.444174-04:00,"As a result of changing weather, the native flora in Aurontown is disappearing. The environmental committee has initiated a reforestation project to replant native shrubs in the Aurontown National Park, which will gradually restore the regional flora. So people will not damage the native shrubs, park authorities have laid a fence around the reforestation site, and posted signs that say: “No park visitors beyond this point”.",2025-08-15T13:02:16.444174-04:00,true,2025-08-15T13:02:40.68787-04:00,01K2QAWG4R9KZ2ZDRE9JK01K7Z,2025-08-15T13:02:16.444174-04:00,7,2025-08-15T13:02:16.444174-04:00,6,2025-08-15T13:02:16.444174-04:00,Did Jolene break the rule?,2025-08-15T13:02:16.444174-04:00,environment,2025-08-15T13:02:16.444174-04:00,1,2025-08-15T13:02:16.516557-04:00,true,2025-08-15T13:02:38.58583-04:00
01K2QAZ5T8JM5ASJM88VZNFFW7,"Paul is a light jockey at some of the best clubs in town. To prepare for an upcoming show, one night Paul sets up his laser lights in the front yard and rehearses his show until 1 AM. The lights are so bright that neighbors complain about not being able to sleep.",2025-08-15T13:03:19.880943-04:00,01K2QAWQJD5D6BKAZVS6RTNAR3,2025-08-15T13:03:19.880943-04:00,underinclusion,2025-08-15T13:03:19.880943-04:00,"House parties are frequent in the college town of Greenville. The parties cause problems for Greenville residents and families, whose sleep is disturbed. To avoid nuisance to Greenville residents, the city adopted an ordinance: “No loud music past 10 PM”.",2025-08-15T13:03:19.880943-04:00,true,2025-08-15T13:03:28.944023-04:00,01K2QAWQJXX669KX4WQBJPYGMV,2025-08-15T13:03:19.880943-04:00,7,2025-08-15T13:03:19.880943-04:00,6,2025-08-15T13:03:19.880943-04:00,Did Paul break the rule?,2025-08-15T13:03:19.880943-04:00,music,2025-08-15T13:03:19.880943-04:00,1,2025-08-15T13:03:19.949718-04:00,true,2025-08-15T13:03:27.653009-04:00
01K2QAZWVEX3JSJC3TQHDCPRZS,Lewis drives his car to work after having breakfast and drinking water. He is stopped by the police on his way and takes a breathalyzer test that detects no traces of alcohol.,2025-08-15T13:03:43.470338-04:00,01K2QAWXBGEB3B9E2DG8G4BRJN,2025-08-15T13:03:43.470338-04:00,compliance,2025-08-15T13:03:43.470338-04:00,"While driving under the influence of alcohol, a young woman suffered a car accident that ended her life. In order to avoid future accidents, Congress established a law: ""If a police-administered breathalyzer test detects any trace of alcohol, the driver’s vehicle will be seized and the driver subject to imprisonment.""",2025-08-15T13:03:43.470338-04:00,true,2025-08-15T13:03:50.76987-04:00,01K2QAWXC1FZZAQ9RXE3A2H2A9,2025-08-15T13:03:43.470338-04:00,7,2025-08-15T13:03:43.470338-04:00,6,2025-08-15T13:03:43.470338-04:00,Did Lewis break the rule?,2025-08-15T13:03:43.470338-04:00,driving,2025-08-15T13:03:43.470338-04:00,1,2025-08-15T13:03:43.538216-04:00,true,2025-08-15T13:03:49.762952-04:00
01K2QB2P3X5VGYPMNMMN2NC6Q9,"Jolene goes for a walk on the paths of the Aurontown National Park and reaches the site of the reforestation project. She skips over the fence, and rips a branch off one of the native shrubs.",2025-08-15T13:05:14.877346-04:00,01K2QB0RESFNZQAXX6FAGX5BNW,2025-08-15T13:05:14.877346-04:00,violation,2025-08-15T13:05:14.877346-04:00,"As a result of changing weather, the native flora in Aurontown is disappearing. The environmental committee has initiated a reforestation project to replant native shrubs in the Aurontown National Park, which will gradually restore the regional flora. So people will not damage the native shrubs, park authorities have laid a fence around the reforestation site, and posted signs that say: “No park visitors beyond this point”.",2025-08-15T13:05:14.877346-04:00,true,2025-08-15T13:05:32.060824-04:00,01K2QB0RFAJQPEC2FMKQCB556M,2025-08-15T13:05:14.877346-04:00,4,2025-08-15T13:05:14.877346-04:00,3,2025-08-15T13:05:14.877346-04:00,Did Jolene break the rule?,2025-08-15T13:05:14.877346-04:00,environment,2025-08-15T13:05:14.877346-04:00,1,2025-08-15T13:05:14.921854-04:00,true,2025-08-15T13:05:28.31761-04:00
01K2QB4YFBYTQG8AVZDKG1CZC5,"Marcos, a student at Figuria University, borrows some books from the library. To help him study, he takes notes on the page margins. This helps Marcos make connections between important points in his assigned readings. After finishing his study, he meticulously erases all his notes, and returns the books in the same condition he borrowed them in.",2025-08-15T13:06:28.971272-04:00,01K2QB1FMGQTR04DSF89JKEWNV,2025-08-15T13:06:28.971272-04:00,overinclusion,2025-08-15T13:06:28.971272-04:00,"After noticing damage to returned library books, the Figuria University Library created the following rule: “Making notes and scribbling on library-owned books is strictly forbidden”.",2025-08-15T13:06:28.971272-04:00,true,2025-08-15T13:06:44.871798-04:00,01K2QB1FN0RTA59BMSCCQHNFDR,2025-08-15T13:06:28.971272-04:00,3,2025-08-15T13:06:28.971272-04:00,2,2025-08-15T13:06:28.971272-04:00,Did Marcos break the rule?,2025-08-15T13:06:28.971272-04:00,library,2025-08-15T13:06:28.971272-04:00,1,2025-08-15T13:06:29.009728-04:00,true,2025-08-15T13:06:40.094558-04:00
01K2QAX7VRMB9E672XZPDCPPRB,"Andrea is late to work. While getting ready as fast as she can, Andrea uses mouthwash that contains alcohol. Despite her tardiness, Andrea drives carefully. On her way, she is stopped by the police. The breathalyzer test detects a small amount of alcohol.",2025-08-15T13:02:16.44065-04:00,01K2QAWG3MDEZ9NDS9QH0QFJBJ,2025-08-15T13:02:16.44065-04:00,overinclusion,2025-08-15T13:02:16.44065-04:00,"While driving under the influence of alcohol, a young woman suffered a car accident that ended her life. In order to avoid future accidents, Congress established a law: ""If a police-administered breathalyzer test detects any trace of alcohol, the driver’s vehicle will be seized and the driver subject to imprisonment.""",2025-08-15T13:02:16.44065-04:00,true,2025-08-15T13:02:23.986865-04:00,01K2QAWG4R9KZ2ZDRE9JK01K7Z,2025-08-15T13:02:16.44065-04:00,1,2025-08-15T13:02:16.44065-04:00,0,2025-08-15T13:02:16.44065-04:00,Did Andrea break the rule?,2025-08-15T13:02:16.44065-04:00,driving,2025-08-15T13:02:16.44065-04:00,1,2025-08-15T13:02:16.465192-04:00,true,2025-08-15T13:02:16.666668-04:00
01K2QAZ5T460RCBTCDTY56JXYJ,"John is late to work and notices that the only way he can get there in time for an important meeting is by taking a shortcut through the park. He takes the shortcut, making it just in time for his meeting.",2025-08-15T13:03:19.876322-04:00,01K2QAWQJD5D6BKAZVS6RTNAR3,2025-08-15T13:03:19.876322-04:00,violation,2025-08-15T13:03:19.876322-04:00,"One day at the local park, there was a tragic accident involving a pedestrian and a car. Aiming to avoid accidents that could endanger parkgoers or jeopardize their physical integrity, the park administrators established a rule that: “No cars are allowed inside the park”.",2025-08-15T13:03:19.876322-04:00,true,2025-08-15T13:03:23.964128-04:00,01K2QAWQJXX669KX4WQBJPYGMV,2025-08-15T13:03:19.876322-04:00,3,2025-08-15T13:03:19.876322-04:00,2,2025-08-15T13:03:19.876322-04:00,Did John break the rule?,2025-08-15T13:03:19.876322-04:00,vehicles,2025-08-15T13:03:19.876322-04:00,1,2025-08-15T13:03:19.915354-04:00,true,2025-08-15T13:03:22.986056-04:00
01K2QAZ5T1VCH1N61WEEAXMF47,"Heather, a student at Figuria University, borrows some books from the library. To help her study, she folds several of the books' pages inward so as to easily return to them later. This creates permanent creases on the books' pages. After finishing his study, she returns the book to the library.",2025-08-15T13:03:19.87378-04:00,01K2QAWQJD5D6BKAZVS6RTNAR3,2025-08-15T13:03:19.87378-04:00,underinclusion,2025-08-15T13:03:19.87378-04:00,"After noticing damage to returned library books, the Figuria University Library created the following rule: “Making notes and scribbling on library-owned books is strictly forbidden”.",2025-08-15T13:03:19.87378-04:00,true,2025-08-15T13:03:22.972264-04:00,01K2QAWQJXX669KX4WQBJPYGMV,2025-08-15T13:03:19.87378-04:00,2,2025-08-15T13:03:19.87378-04:00,1,2025-08-15T13:03:19.87378-04:00,Did Heather break the rule?,2025-08-15T13:03:19.87378-04:00,library,2025-08-15T13:03:19.87378-04:00,1,2025-08-15T13:03:19.906444-04:00,true,2025-08-15T13:03:21.639894-04:00
01K2QAZWVDXZVGSPJB5KSHB7YJ,"Martha is late to a court appointment. She hops into her motorbike and heads downtown. Halfway through, she realizes that she might get there earlier by taking a shortcut through the park. She enters the park in her motorbike, cutting several minutes off her commute time.",2025-08-15T13:03:43.469055-04:00,01K2QAWXBGEB3B9E2DG8G4BRJN,2025-08-15T13:03:43.469055-04:00,underinclusion,2025-08-15T13:03:43.469055-04:00,"One day at the local park, there was a tragic accident involving a pedestrian and a car. Aiming to avoid accidents that could endanger parkgoers or jeopardize their physical integrity, the park administrators established a rule that: “No cars are allowed inside the park”.",2025-08-15T13:03:43.469055-04:00,true,2025-08-15T13:03:48.828035-04:00,01K2QAWXC1FZZAQ9RXE3A2H2A9,2025-08-15T13:03:43.469055-04:00,5,2025-08-15T13:03:43.469055-04:00,4,2025-08-15T13:03:43.469055-04:00,Did Martha break the rule?,2025-08-15T13:03:43.469055-04:00,vehicles,2025-08-15T13:03:43.469055-04:00,1,2025-08-15T13:03:43.521928-04:00,true,2025-08-15T13:03:47.921267-04:00
01K2QB2P3R6DV8JNTW2WHA15N5,"Heather, a student at Figuria University, borrows some books from the library. To help her study, she folds several of the books' pages inward so as to easily return to them later. This creates permanent creases on the books' pages. After finishing his study, she returns the book to the library.",2025-08-15T13:05:14.872321-04:00,01K2QB0RESFNZQAXX6FAGX5BNW,2025-08-15T13:05:14.872321-04:00,underinclusion,2025-08-15T13:05:14.872321-04:00,"After noticing damage to returned library books, the Figuria University Library created the following rule: “Making notes and scribbling on library-owned books is strictly forbidden”.",2025-08-15T13:05:14.872321-04:00,true,2025-08-15T13:05:19.796194-04:00,01K2QB0RFAJQPEC2FMKQCB556M,2025-08-15T13:05:14.872321-04:00,1,2025-08-15T13:05:14.872321-04:00,0,2025-08-15T13:05:14.872321-04:00,Did Heather break the rule?,2025-08-15T13:05:14.872321-04:00,library,2025-08-15T13:05:14.872321-04:00,1,2025-08-15T13:05:14.898198-04:00,true,2025-08-15T13:05:15.067409-04:00
01K2QB2P41Y9RRNSTSCQ1W1KT0,"Josh arrives home at 1AM after a long work trip. He is happy, so he almost inaudibly hums a song as he unlocks his front door.",2025-08-15T13:05:14.881783-04:00,01K2QB0RESFNZQAXX6FAGX5BNW,2025-08-15T13:05:14.881783-04:00,compliance,2025-08-15T13:05:14.881783-04:00,"House parties are frequent in the college town of Greenville. The parties cause problems for Greenville residents and families, whose sleep is disturbed. To avoid nuisance to Greenville residents, the city adopted an ordinance: “No loud music past 10 PM”.",2025-08-15T13:05:14.881783-04:00,true,2025-08-15T13:05:39.853624-04:00,01K2QB0RFAJQPEC2FMKQCB556M,2025-08-15T13:05:14.881783-04:00,6,2025-08-15T13:05:14.881783-04:00,5,2025-08-15T13:05:14.881783-04:00,Did Josh break the rule?,2025-08-15T13:05:14.881783-04:00,music,2025-08-15T13:05:14.881783-04:00,1,2025-08-15T13:05:14.93715-04:00,true,2025-08-15T13:05:35.386868-04:00
01K2QB4YFPDMVPH7E139ST198S,Brian invites his friends over to party while his parents are away. They hire a DJ and play very loud music until 1 AM.,2025-08-15T13:06:28.982407-04:00,01K2QB1FMGQTR04DSF89JKEWNV,2025-08-15T13:06:28.982407-04:00,violation,2025-08-15T13:06:28.982407-04:00,"House parties are frequent in the college town of Greenville. The parties cause problems for Greenville residents and families, whose sleep is disturbed. To avoid nuisance to Greenville residents, the city adopted an ordinance: “No loud music past 10 PM”.",2025-08-15T13:06:28.982407-04:00,true,2025-08-15T13:07:01.00754-04:00,01K2QB1FN0RTA59BMSCCQHNFDR,2025-08-15T13:06:28.982407-04:00,7,2025-08-15T13:06:28.982407-04:00,6,2025-08-15T13:06:28.982407-04:00,Did Brian break the rule?,2025-08-15T13:06:28.982407-04:00,music,2025-08-15T13:06:28.982407-04:00,1,2025-08-15T13:06:29.041682-04:00,true,2025-08-15T13:06:57.58985-04:00
01K2QB75VYCMTHG1TEB6M0FP2X,"Anna goes for a walk on the paths of the Aurontown National Park and reaches the site of the reforestation project. Without harming the native shrubs, Anna skips over the fence to take a photo of the sunset.",2025-08-15T13:07:42.078633-04:00,01K2QB1V25FDAP7C3B0JZFSW0F,2025-08-15T13:07:42.078633-04:00,overinclusion,2025-08-15T13:07:42.078633-04:00,"As a result of changing weather, the native flora in Aurontown is disappearing. The environmental committee has initiated a reforestation project to replant native shrubs in the Aurontown National Park, which will gradually restore the regional flora. So people will not damage the native shrubs, park authorities have laid a fence around the reforestation site, and posted signs that say: “No park visitors beyond this point”.",2025-08-15T13:07:42.078633-04:00,true,2025-08-15T13:08:07.702143-04:00,01K2QB1V2QW2F16B5TXV6VK2ZT,2025-08-15T13:07:42.078633-04:00,6,2025-08-15T13:07:42.078633-04:00,5,2025-08-15T13:07:42.078633-04:00,Did Anna break the rule?,2025-08-15T13:07:42.078633-04:00,environment,2025-08-15T13:07:42.078633-04:00,1,2025-08-15T13:07:42.140297-04:00,true,2025-08-15T13:08:03.687694-04:00
01K2QB9FC4ZQ350NQ6X9BYC2DY,"Mark lives in a cul-de-sac, and his only neighbors travel out of town for the long weekend. Mark invites his bandmates to rehearse, realizing the volume will not disturb anyone. The band practices until 1 AM.",2025-08-15T13:08:57.348816-04:00,01K2QB22NMJ7AEWF6QNPWHP7FH,2025-08-15T13:08:57.348816-04:00,overinclusion,2025-08-15T13:08:57.348816-04:00,"House parties are frequent in the college town of Greenville. The parties cause problems for Greenville residents and families, whose sleep is disturbed. To avoid nuisance to Greenville residents, the city adopted an ordinance: “No loud music past 10 PM”.",2025-08-15T13:08:57.348816-04:00,true,2025-08-15T13:09:02.774275-04:00,01K2QB22P295DWW783NCJ18DFY,2025-08-15T13:08:57.348816-04:00,1,2025-08-15T13:08:57.348816-04:00,0,2025-08-15T13:08:57.348816-04:00,Did Mark break the rule?,2025-08-15T13:08:57.348816-04:00,music,2025-08-15T13:08:57.348816-04:00,1,2025-08-15T13:08:57.377849-04:00,true,2025-08-15T13:08:57.593868-04:00
01K2QAX7VYYD8JSTCABVT5932E,"Carlos walks around barefoot unless footwear is strictly necessary. On a rainy day, he walks from his house to Maria’s apartment. Carlos walks into Maria’s home with his feet muddy, dirtying Maria’s carpet.",2025-08-15T13:02:16.446328-04:00,01K2QAWG3MDEZ9NDS9QH0QFJBJ,2025-08-15T13:02:16.446328-04:00,underinclusion,2025-08-15T13:02:16.446328-04:00,"One day, a guest entered Maria’s house with his shoes on and dirtied the carpet in her living room. In order to keep her house as clean as possible, Maria established that “Wearing shoes in the house is not allowed”.",2025-08-15T13:02:16.446328-04:00,true,2025-08-15T13:02:38.571715-04:00,01K2QAWG4R9KZ2ZDRE9JK01K7Z,2025-08-15T13:02:16.446328-04:00,6,2025-08-15T13:02:16.446328-04:00,5,2025-08-15T13:02:16.446328-04:00,Did Carlos break the rule?,2025-08-15T13:02:16.446328-04:00,shoes,2025-08-15T13:02:16.446328-04:00,1,2025-08-15T13:02:16.507455-04:00,true,2025-08-15T13:02:36.718037-04:00
01K2QAZWVDXZVGSPJB67KWNZMA,"Lucy goes for a walk on the paths of the Aurontown National Park. After exiting the park, she finds a native shrub growing on the edge of a parking lot, and rips a branch off.",2025-08-15T13:03:43.46969-04:00,01K2QAWXBGEB3B9E2DG8G4BRJN,2025-08-15T13:03:43.46969-04:00,underinclusion,2025-08-15T13:03:43.46969-04:00,"As a result of changing weather, the native flora in Aurontown is disappearing. The environmental committee has initiated a reforestation project to replant native shrubs in the Aurontown National Park, which will gradually restore the regional flora. So people will not damage the native shrubs, park authorities have laid a fence around the reforestation site, and posted signs that say: “No park visitors beyond this point”.",2025-08-15T13:03:43.46969-04:00,true,2025-08-15T13:03:49.748608-04:00,01K2QAWXC1FZZAQ9RXE3A2H2A9,2025-08-15T13:03:43.46969-04:00,6,2025-08-15T13:03:43.46969-04:00,5,2025-08-15T13:03:43.46969-04:00,Did Lucy break the rule?,2025-08-15T13:03:43.46969-04:00,environment,2025-08-15T13:03:43.46969-04:00,1,2025-08-15T13:03:43.530121-04:00,true,2025-08-15T13:03:48.842196-04:00
01K2QAZ5T8JM5ASJM881XKD21W,"Veronica is a frequent commuter on a local train. She sits at one of the benches while excitingly talking over the phone with one of her best friends. Before the call is over, her train arrives at the station and she gets onboard.",2025-08-15T13:03:19.88037-04:00,01K2QAWQJD5D6BKAZVS6RTNAR3,2025-08-15T13:03:19.88037-04:00,compliance,2025-08-15T13:03:19.88037-04:00,"A group of people slept on the benches at the train station every night. To avoid use of the station concourse as accommodation or overnight shelter, the station manager established a rule: “No sleeping is allowed on the station benches”.",2025-08-15T13:03:19.88037-04:00,true,2025-08-15T13:03:26.466732-04:00,01K2QAWQJXX669KX4WQBJPYGMV,2025-08-15T13:03:19.88037-04:00,5,2025-08-15T13:03:19.88037-04:00,4,2025-08-15T13:03:19.88037-04:00,Did Veronica break the rule?,2025-08-15T13:03:19.88037-04:00,sleep,2025-08-15T13:03:19.88037-04:00,1,2025-08-15T13:03:19.932224-04:00,true,2025-08-15T13:03:25.034128-04:00
01K2QB9FCEY4E0R70K2Z373RF8,"Joan has no interest in math class, so she decides to groom herself instead. She takes a nail clipper and file from her purse and begins to cut and file her fingernails, allowing the clippings to fall onto the classroom floor.",2025-08-15T13:08:57.358568-04:00,01K2QB22NMJ7AEWF6QNPWHP7FH,2025-08-15T13:08:57.358568-04:00,underinclusion,2025-08-15T13:08:57.358568-04:00,"Students who snack during class often drop their food in the classroom. To keep the classrooms clean, the school has decided to ban food in the classroom.",2025-08-15T13:08:57.358568-04:00,true,2025-08-15T13:09:14.586656-04:00,01K2QB22P295DWW783NCJ18DFY,2025-08-15T13:08:57.358568-04:00,4,2025-08-15T13:08:57.358568-04:00,3,2025-08-15T13:08:57.358568-04:00,Did Joan break the rule?,2025-08-15T13:08:57.358568-04:00,classroom,2025-08-15T13:08:57.358568-04:00,1,2025-08-15T13:08:57.405316-04:00,true,2025-08-15T13:09:10.078286-04:00
01K2QAYF49M1XKEDSX5HJE8TQ1,"Lucy goes for a walk on the paths of the Aurontown National Park. After exiting the park, she finds a native shrub growing on the edge of a parking lot, and rips a branch off.",2025-08-15T13:02:56.649902-04:00,01K2QAWKF5V6255MQC4V1D9FQT,2025-08-15T13:02:56.649902-04:00,underinclusion,2025-08-15T13:02:56.649902-04:00,"As a result of changing weather, the native flora in Aurontown is disappearing. The environmental committee has initiated a reforestation project to replant native shrubs in the Aurontown National Park, which will gradually restore the regional flora. So people will not damage the native shrubs, park authorities have laid a fence around the reforestation site, and posted signs that say: “No park visitors beyond this point”.",2025-08-15T13:02:56.649902-04:00,true,2025-08-15T13:02:59.68649-04:00,01K2QAWKFQGR9NZ4Q4VW0SB00G,2025-08-15T13:02:56.649902-04:00,2,2025-08-15T13:02:56.649902-04:00,1,2025-08-15T13:02:56.649902-04:00,Did Lucy break the rule?,2025-08-15T13:02:56.649902-04:00,environment,2025-08-15T13:02:56.649902-04:00,1,2025-08-15T13:02:56.684582-04:00,true,2025-08-15T13:02:58.462097-04:00
01K2QAYF4D9E0928FQT84Z0C3S,Brian invites his friends over to party while his parents are away. They hire a DJ and play very loud music until 1 AM.,2025-08-15T13:02:56.653839-04:00,01K2QAWKF5V6255MQC4V1D9FQT,2025-08-15T13:02:56.653839-04:00,violation,2025-08-15T13:02:56.653839-04:00,"House parties are frequent in the college town of Greenville. The parties cause problems for Greenville residents and families, whose sleep is disturbed. To avoid nuisance to Greenville residents, the city adopted an ordinance: “No loud music past 10 PM”.",2025-08-15T13:02:56.653839-04:00,true,2025-08-15T13:03:05.973798-04:00,01K2QAWKFQGR9NZ4Q4VW0SB00G,2025-08-15T13:02:56.653839-04:00,7,2025-08-15T13:02:56.653839-04:00,6,2025-08-15T13:02:56.653839-04:00,Did Brian break the rule?,2025-08-15T13:02:56.653839-04:00,music,2025-08-15T13:02:56.653839-04:00,1,2025-08-15T13:02:56.726943-04:00,true,2025-08-15T13:03:05.139439-04:00
01K2QAZWV613JRDQJYNX5H6YA8,"John just bought a brand new pair of dress shoes. In the hallway out front Maria’s apartment, he takes the shoes out of the box for the first time and puts them on. John then walks around Maria’s apartment in his pristine dress shoes.",2025-08-15T13:03:43.462381-04:00,01K2QAWXBGEB3B9E2DG8G4BRJN,2025-08-15T13:03:43.462381-04:00,overinclusion,2025-08-15T13:03:43.462381-04:00,"One day, a guest entered Maria’s house with his shoes on and dirtied the carpet in her living room. In order to keep her house as clean as possible, Maria established that “Wearing shoes in the house is not allowed”.",2025-08-15T13:03:43.462381-04:00,true,2025-08-15T13:03:44.94372-04:00,01K2QAWXC1FZZAQ9RXE3A2H2A9,2025-08-15T13:03:43.462381-04:00,1,2025-08-15T13:03:43.462381-04:00,0,2025-08-15T13:03:43.462381-04:00,Did John break the rule?,2025-08-15T13:03:43.462381-04:00,shoes,2025-08-15T13:03:43.462381-04:00,1,2025-08-15T13:03:43.484699-04:00,true,2025-08-15T13:03:43.69259-04:00
01K2QB9FC8BB1ZAVD8FZA12ZVB,"John just bought a brand new pair of dress shoes. In the hallway out front Maria’s apartment, he takes the shoes out of the box for the first time and puts them on. John then walks around Maria’s apartment in his pristine dress shoes.",2025-08-15T13:08:57.352472-04:00,01K2QB22NMJ7AEWF6QNPWHP7FH,2025-08-15T13:08:57.352472-04:00,overinclusion,2025-08-15T13:08:57.352472-04:00,"One day, a guest entered Maria’s house with his shoes on and dirtied the carpet in her living room. In order to keep her house as clean as possible, Maria established that “Wearing shoes in the house is not allowed”.",2025-08-15T13:08:57.352472-04:00,true,2025-08-15T13:09:10.062093-04:00,01K2QB22P295DWW783NCJ18DFY,2025-08-15T13:08:57.352472-04:00,3,2025-08-15T13:08:57.352472-04:00,2,2025-08-15T13:08:57.352472-04:00,Did John break the rule?,2025-08-15T13:08:57.352472-04:00,shoes,2025-08-15T13:08:57.352472-04:00,1,2025-08-15T13:08:57.395136-04:00,true,2025-08-15T13:09:05.952056-04:00
01K2QB4YF7W1D4WTQ3PTCNFNVR,"Ursula goes to a party where she makes use of a drug called ""ecstasy"". This drug produces changes in perception and increased physical activity. Ursula does not drink any alcohol at the party, only water. Once the party is over, Ursula gets in her car to return home still under the influence of ""ecstasy"". She is stopped by the police, but the breathalyzer test detects no alcohol.",2025-08-15T13:06:28.967712-04:00,01K2QB1FMGQTR04DSF89JKEWNV,2025-08-15T13:06:28.967712-04:00,underinclusion,2025-08-15T13:06:28.967712-04:00,"While driving under the influence of alcohol, a young woman suffered a car accident that ended her life. In order to avoid future accidents, Congress established a law: ""If a police-administered breathalyzer test detects any trace of alcohol, the driver’s vehicle will be seized and the driver subject to imprisonment.""",2025-08-15T13:06:28.967712-04:00,true,2025-08-15T13:06:34.546767-04:00,01K2QB1FN0RTA59BMSCCQHNFDR,2025-08-15T13:06:28.967712-04:00,1,2025-08-15T13:06:28.967712-04:00,0,2025-08-15T13:06:28.967712-04:00,Did Ursula break the rule?,2025-08-15T13:06:28.967712-04:00,driving,2025-08-15T13:06:28.967712-04:00,1,2025-08-15T13:06:28.99298-04:00,true,2025-08-15T13:06:29.175404-04:00
01K2QAYF4M8880SWB1BVV19SPT,"Joan has no interest in math class, so she decides to groom herself instead. She takes a nail clipper and file from her purse and begins to cut and file her fingernails, allowing the clippings to fall onto the classroom floor.",2025-08-15T13:02:56.660108-04:00,01K2QAWKF5V6255MQC4V1D9FQT,2025-08-15T13:02:56.660108-04:00,underinclusion,2025-08-15T13:02:56.660108-04:00,"Students who snack during class often drop their food in the classroom. To keep the classrooms clean, the school has decided to ban food in the classroom.",2025-08-15T13:02:56.660108-04:00,true,2025-08-15T13:03:06.942006-04:00,01K2QAWKFQGR9NZ4Q4VW0SB00G,2025-08-15T13:02:56.660108-04:00,8,2025-08-15T13:02:56.660108-04:00,7,2025-08-15T13:02:56.660108-04:00,Did Joan break the rule?,2025-08-15T13:02:56.660108-04:00,classroom,2025-08-15T13:02:56.660108-04:00,1,2025-08-15T13:02:56.735169-04:00,true,2025-08-15T13:03:05.985532-04:00
01K2QAZWV7X44NSMGJ3H6ZYDC3,"Mark lives in a cul-de-sac, and his only neighbors travel out of town for the long weekend. Mark invites his bandmates to rehearse, realizing the volume will not disturb anyone. The band practices until 1 AM.",2025-08-15T13:03:43.463202-04:00,01K2QAWXBGEB3B9E2DG8G4BRJN,2025-08-15T13:03:43.463202-04:00,overinclusion,2025-08-15T13:03:43.463202-04:00,"House parties are frequent in the college town of Greenville. The parties cause problems for Greenville residents and families, whose sleep is disturbed. To avoid nuisance to Greenville residents, the city adopted an ordinance: “No loud music past 10 PM”.",2025-08-15T13:03:43.463202-04:00,true,2025-08-15T13:03:45.926934-04:00,01K2QAWXC1FZZAQ9RXE3A2H2A9,2025-08-15T13:03:43.463202-04:00,2,2025-08-15T13:03:43.463202-04:00,1,2025-08-15T13:03:43.463202-04:00,Did Mark break the rule?,2025-08-15T13:03:43.463202-04:00,music,2025-08-15T13:03:43.463202-04:00,1,2025-08-15T13:03:43.49394-04:00,true,2025-08-15T13:03:44.95567-04:00
01K2QB75VQJAHR6EKMPFH3BGG5,"Carlos walks around barefoot unless footwear is strictly necessary. On a rainy day, he walks from his house to Maria’s apartment. Carlos walks into Maria’s home with his feet muddy, dirtying Maria’s carpet.",2025-08-15T13:07:42.071735-04:00,01K2QB1V25FDAP7C3B0JZFSW0F,2025-08-15T13:07:42.071735-04:00,underinclusion,2025-08-15T13:07:42.071735-04:00,"One day, a guest entered Maria’s house with his shoes on and dirtied the carpet in her living room. In order to keep her house as clean as possible, Maria established that “Wearing shoes in the house is not allowed”.",2025-08-15T13:07:42.071735-04:00,true,2025-08-15T13:07:45.763606-04:00,01K2QB1V2QW2F16B5TXV6VK2ZT,2025-08-15T13:07:42.071735-04:00,1,2025-08-15T13:07:42.071735-04:00,0,2025-08-15T13:07:42.071735-04:00,Did Carlos break the rule?,2025-08-15T13:07:42.071735-04:00,shoes,2025-08-15T13:07:42.071735-04:00,1,2025-08-15T13:07:42.096806-04:00,true,2025-08-15T13:07:42.31018-04:00
01K2QB75VRSRMXXEG94JMM218X,"Paul is a light jockey at some of the best clubs in town. To prepare for an upcoming show, one night Paul sets up his laser lights in the front yard and rehearses his show until 1 AM. The lights are so bright that neighbors complain about not being able to sleep.",2025-08-15T13:07:42.073018-04:00,01K2QB1V25FDAP7C3B0JZFSW0F,2025-08-15T13:07:42.073018-04:00,underinclusion,2025-08-15T13:07:42.073018-04:00,"House parties are frequent in the college town of Greenville. The parties cause problems for Greenville residents and families, whose sleep is disturbed. To avoid nuisance to Greenville residents, the city adopted an ordinance: “No loud music past 10 PM”.",2025-08-15T13:07:42.073018-04:00,true,2025-08-15T13:07:50.581405-04:00,01K2QB1V2QW2F16B5TXV6VK2ZT,2025-08-15T13:07:42.073018-04:00,2,2025-08-15T13:07:42.073018-04:00,1,2025-08-15T13:07:42.073018-04:00,Did Paul break the rule?,2025-08-15T13:07:42.073018-04:00,music,2025-08-15T13:07:42.073018-04:00,1,2025-08-15T13:07:42.106258-04:00,true,2025-08-15T13:07:45.784776-04:00
01K2QB2P3SGGRAZQA4DYF28VC9,"Carlos walks around barefoot unless footwear is strictly necessary. On a rainy day, he walks from his house to Maria’s apartment. Carlos walks into Maria’s home with his feet muddy, dirtying Maria’s carpet.",2025-08-15T13:05:14.873248-04:00,01K2QB0RESFNZQAXX6FAGX5BNW,2025-08-15T13:05:14.873248-04:00,underinclusion,2025-08-15T13:05:14.873248-04:00,"One day, a guest entered Maria’s house with his shoes on and dirtied the carpet in her living room. In order to keep her house as clean as possible, Maria established that “Wearing shoes in the house is not allowed”.",2025-08-15T13:05:14.873248-04:00,true,2025-08-15T13:05:25.257077-04:00,01K2QB0RFAJQPEC2FMKQCB556M,2025-08-15T13:05:14.873248-04:00,2,2025-08-15T13:05:14.873248-04:00,1,2025-08-15T13:05:14.873248-04:00,Did Carlos break the rule?,2025-08-15T13:05:14.873248-04:00,shoes,2025-08-15T13:05:14.873248-04:00,1,2025-08-15T13:05:14.90656-04:00,true,2025-08-15T13:05:19.81998-04:00
01K2QB4YFM07R4NN84MV7NY4QQ,"Julia is a businesswoman. She spent all day out of town negotiating important contracts. After a long day of work, Julia sits at one of the benches at the train station to wait for the train home. While waiting, she falls asleep for about 5 minutes, before waking up to the sound of an incoming train.",2025-08-15T13:06:28.980169-04:00,01K2QB1FMGQTR04DSF89JKEWNV,2025-08-15T13:06:28.980169-04:00,overinclusion,2025-08-15T13:06:28.980169-04:00,"A group of people slept on the benches at the train station every night. To avoid use of the station concourse as accommodation or overnight shelter, the station manager established a rule: “No sleeping is allowed on the station benches”.",2025-08-15T13:06:28.980169-04:00,true,2025-08-15T13:07:03.956693-04:00,01K2QB1FN0RTA59BMSCCQHNFDR,2025-08-15T13:06:28.980169-04:00,8,2025-08-15T13:06:28.980169-04:00,7,2025-08-15T13:06:28.980169-04:00,Did Julia break the rule?,2025-08-15T13:06:28.980169-04:00,sleep,2025-08-15T13:06:28.980169-04:00,1,2025-08-15T13:06:29.04975-04:00,true,2025-08-15T13:07:01.024367-04:00
01K2QB9FCBHYS68H5M5EZXAW2T,"Lucy goes for a walk on the paths of the Aurontown National Park. After exiting the park, she finds a native shrub growing on the edge of a parking lot, and rips a branch off.",2025-08-15T13:08:57.355798-04:00,01K2QB22NMJ7AEWF6QNPWHP7FH,2025-08-15T13:08:57.355798-04:00,underinclusion,2025-08-15T13:08:57.355798-04:00,"As a result of changing weather, the native flora in Aurontown is disappearing. The environmental committee has initiated a reforestation project to replant native shrubs in the Aurontown National Park, which will gradually restore the regional flora. So people will not damage the native shrubs, park authorities have laid a fence around the reforestation site, and posted signs that say: “No park visitors beyond this point”.",2025-08-15T13:08:57.355798-04:00,true,2025-08-15T13:09:29.114005-04:00,01K2QB22P295DWW783NCJ18DFY,2025-08-15T13:08:57.355798-04:00,7,2025-08-15T13:08:57.355798-04:00,6,2025-08-15T13:08:57.355798-04:00,Did Lucy break the rule?,2025-08-15T13:08:57.355798-04:00,environment,2025-08-15T13:08:57.355798-04:00,1,2025-08-15T13:08:57.433026-04:00,true,2025-08-15T13:09:24.741625-04:00
01K2QAYF4CPERQ9GH2FG9MKNR3,"Julia is a businesswoman. She spent all day out of town negotiating important contracts. After a long day of work, Julia sits at one of the benches at the train station to wait for the train home. While waiting, she falls asleep for about 5 minutes, before waking up to the sound of an incoming train.",2025-08-15T13:02:56.652673-04:00,01K2QAWKF5V6255MQC4V1D9FQT,2025-08-15T13:02:56.652673-04:00,overinclusion,2025-08-15T13:02:56.652673-04:00,"A group of people slept on the benches at the train station every night. To avoid use of the station concourse as accommodation or overnight shelter, the station manager established a rule: “No sleeping is allowed on the station benches”.",2025-08-15T13:02:56.652673-04:00,true,2025-08-15T13:03:03.559697-04:00,01K2QAWKFQGR9NZ4Q4VW0SB00G,2025-08-15T13:02:56.652673-04:00,5,2025-08-15T13:02:56.652673-04:00,4,2025-08-15T13:02:56.652673-04:00,Did Julia break the rule?,2025-08-15T13:02:56.652673-04:00,sleep,2025-08-15T13:02:56.652673-04:00,1,2025-08-15T13:02:56.710282-04:00,true,2025-08-15T13:03:02.209334-04:00
01K2QB9FCAX9R3PNMVRGF54542,"Robert is a homeless person. As the streets are cold and uncomfortable, he goes to the train station, lies down in one of the benches, where he sleeps soundly throughout the night.",2025-08-15T13:08:57.354631-04:00,01K2QB22NMJ7AEWF6QNPWHP7FH,2025-08-15T13:08:57.354631-04:00,violation,2025-08-15T13:08:57.354631-04:00,"A group of people slept on the benches at the train station every night. To avoid use of the station concourse as accommodation or overnight shelter, the station manager established a rule: “No sleeping is allowed on the station benches”.",2025-08-15T13:08:57.354631-04:00,true,2025-08-15T13:09:24.727103-04:00,01K2QB22P295DWW783NCJ18DFY,2025-08-15T13:08:57.354631-04:00,6,2025-08-15T13:08:57.354631-04:00,5,2025-08-15T13:08:57.354631-04:00,Did Robert break the rule?,2025-08-15T13:08:57.354631-04:00,sleep,2025-08-15T13:08:57.354631-04:00,1,2025-08-15T13:08:57.424417-04:00,true,2025-08-15T13:09:19.428365-04:00
01K2QAZ5TAP149MKMFS328P6VM,April has diabetes. She is not feeling well in class and must eat something sweet immediately to avoid fainting. April finds a chocolate bar in her purse and takes a bite. She feels better and is able to concentrate on the lesson again.,2025-08-15T13:03:19.882045-04:00,01K2QAWQJD5D6BKAZVS6RTNAR3,2025-08-15T13:03:19.882045-04:00,overinclusion,2025-08-15T13:03:19.882045-04:00,"Students who snack during class often drop their food in the classroom. To keep the classrooms clean, the school has decided to ban food in the classroom.",2025-08-15T13:03:19.882045-04:00,true,2025-08-15T13:03:30.666128-04:00,01K2QAWQJXX669KX4WQBJPYGMV,2025-08-15T13:03:19.882045-04:00,8,2025-08-15T13:03:19.882045-04:00,7,2025-08-15T13:03:19.882045-04:00,Did April break the rule?,2025-08-15T13:03:19.882045-04:00,classroom,2025-08-15T13:03:19.882045-04:00,1,2025-08-15T13:03:19.959484-04:00,true,2025-08-15T13:03:28.957988-04:00
01K2QAZWVEX3JSJC3TR95B2NYP,"Joan has no interest in math class, so she decides to groom herself instead. She takes a nail clipper and file from her purse and begins to cut and file her fingernails, allowing the clippings to fall onto the classroom floor.",2025-08-15T13:03:43.470968-04:00,01K2QAWXBGEB3B9E2DG8G4BRJN,2025-08-15T13:03:43.470968-04:00,underinclusion,2025-08-15T13:03:43.470968-04:00,"Students who snack during class often drop their food in the classroom. To keep the classrooms clean, the school has decided to ban food in the classroom.",2025-08-15T13:03:43.470968-04:00,true,2025-08-15T13:03:51.712988-04:00,01K2QAWXC1FZZAQ9RXE3A2H2A9,2025-08-15T13:03:43.470968-04:00,8,2025-08-15T13:03:43.470968-04:00,7,2025-08-15T13:03:43.470968-04:00,Did Joan break the rule?,2025-08-15T13:03:43.470968-04:00,classroom,2025-08-15T13:03:43.470968-04:00,1,2025-08-15T13:03:43.547034-04:00,true,2025-08-15T13:03:50.788444-04:00
01K2QB2P3TJ56X353X3AEN7XPY,April has diabetes. She is not feeling well in class and must eat something sweet immediately to avoid fainting. April finds a chocolate bar in her purse and takes a bite. She feels better and is able to concentrate on the lesson again.,2025-08-15T13:05:14.874457-04:00,01K2QB0RESFNZQAXX6FAGX5BNW,2025-08-15T13:05:14.874457-04:00,overinclusion,2025-08-15T13:05:14.874457-04:00,"Students who snack during class often drop their food in the classroom. To keep the classrooms clean, the school has decided to ban food in the classroom.",2025-08-15T13:05:14.874457-04:00,true,2025-08-15T13:05:28.298092-04:00,01K2QB0RFAJQPEC2FMKQCB556M,2025-08-15T13:05:14.874457-04:00,3,2025-08-15T13:05:14.874457-04:00,2,2025-08-15T13:05:14.874457-04:00,Did April break the rule?,2025-08-15T13:05:14.874457-04:00,classroom,2025-08-15T13:05:14.874457-04:00,1,2025-08-15T13:05:14.914107-04:00,true,2025-08-15T13:05:25.268973-04:00
01K2QB4YFA5C7RC7PPN7B5KAQB,"Lucy goes for a walk on the paths of the Aurontown National Park. After exiting the park, she finds a native shrub growing on the edge of a parking lot, and rips a branch off.",2025-08-15T13:06:28.970127-04:00,01K2QB1FMGQTR04DSF89JKEWNV,2025-08-15T13:06:28.970127-04:00,underinclusion,2025-08-15T13:06:28.970127-04:00,"As a result of changing weather, the native flora in Aurontown is disappearing. The environmental committee has initiated a reforestation project to replant native shrubs in the Aurontown National Park, which will gradually restore the regional flora. So people will not damage the native shrubs, park authorities have laid a fence around the reforestation site, and posted signs that say: “No park visitors beyond this point”.",2025-08-15T13:06:28.970127-04:00,true,2025-08-15T13:06:49.887112-04:00,01K2QB1FN0RTA59BMSCCQHNFDR,2025-08-15T13:06:28.970127-04:00,4,2025-08-15T13:06:28.970127-04:00,3,2025-08-15T13:06:28.970127-04:00,Did Lucy break the rule?,2025-08-15T13:06:28.970127-04:00,environment,2025-08-15T13:06:28.970127-04:00,1,2025-08-15T13:06:29.017584-04:00,true,2025-08-15T13:06:44.886249-04:00
01K2QB75VTCM0AVVEPFKGYG7ZX,April has diabetes. She is not feeling well in class and must eat something sweet immediately to avoid fainting. April finds a chocolate bar in her purse and takes a bite. She feels better and is able to concentrate on the lesson again.,2025-08-15T13:07:42.074402-04:00,01K2QB1V25FDAP7C3B0JZFSW0F,2025-08-15T13:07:42.074402-04:00,overinclusion,2025-08-15T13:07:42.074402-04:00,"Students who snack during class often drop their food in the classroom. To keep the classrooms clean, the school has decided to ban food in the classroom.",2025-08-15T13:07:42.074402-04:00,true,2025-08-15T13:07:55.088623-04:00,01K2QB1V2QW2F16B5TXV6VK2ZT,2025-08-15T13:07:42.074402-04:00,3,2025-08-15T13:07:42.074402-04:00,2,2025-08-15T13:07:42.074402-04:00,Did April break the rule?,2025-08-15T13:07:42.074402-04:00,classroom,2025-08-15T13:07:42.074402-04:00,1,2025-08-15T13:07:42.115071-04:00,true,2025-08-15T13:07:50.595855-04:00
01K2QAX7VT7HRDQR7XJQAJ4XP2,The city's championship-winning team parades in a big limo inside the park to celebrate the title. The limo proceeds very slowly and police scouts on the ground ensure no parkgoer gets too close.,2025-08-15T13:02:16.442922-04:00,01K2QAWG3MDEZ9NDS9QH0QFJBJ,2025-08-15T13:02:16.442922-04:00,overinclusion,2025-08-15T13:02:16.442922-04:00,"One day at the local park, there was a tragic accident involving a pedestrian and a car. Aiming to avoid accidents that could endanger parkgoers or jeopardize their physical integrity, the park administrators established a rule that: “No cars are allowed inside the park”.",2025-08-15T13:02:16.442922-04:00,true,2025-08-15T13:02:30.938777-04:00,01K2QAWG4R9KZ2ZDRE9JK01K7Z,2025-08-15T13:02:16.442922-04:00,3,2025-08-15T13:02:16.442922-04:00,2,2025-08-15T13:02:16.442922-04:00,Did the team break the rule?,2025-08-15T13:02:16.442922-04:00,vehicles,2025-08-15T13:02:16.442922-04:00,1,2025-08-15T13:02:16.481251-04:00,true,2025-08-15T13:02:25.911236-04:00
01K2QAX7W3CYC8VB9WRYC72DQG,"Josh arrives home at 1AM after a long work trip. He is happy, so he almost inaudibly hums a song as he unlocks his front door.",2025-08-15T13:02:16.451556-04:00,01K2QAWG3MDEZ9NDS9QH0QFJBJ,2025-08-15T13:02:16.451556-04:00,compliance,2025-08-15T13:02:16.451556-04:00,"House parties are frequent in the college town of Greenville. The parties cause problems for Greenville residents and families, whose sleep is disturbed. To avoid nuisance to Greenville residents, the city adopted an ordinance: “No loud music past 10 PM”.",2025-08-15T13:02:16.451556-04:00,true,2025-08-15T13:02:42.270802-04:00,01K2QAWG4R9KZ2ZDRE9JK01K7Z,2025-08-15T13:02:16.451556-04:00,8,2025-08-15T13:02:16.451556-04:00,7,2025-08-15T13:02:16.451556-04:00,Did Josh break the rule?,2025-08-15T13:02:16.451556-04:00,music,2025-08-15T13:02:16.451556-04:00,1,2025-08-15T13:02:16.526999-04:00,true,2025-08-15T13:02:40.701466-04:00
01K2QAYF4BZ996SWP4EGQEK0R5,"Ursula goes to a party where she makes use of a drug called ""ecstasy"". This drug produces changes in perception and increased physical activity. Ursula does not drink any alcohol at the party, only water. Once the party is over, Ursula gets in her car to return home still under the influence of ""ecstasy"". She is stopped by the police, but the breathalyzer test detects no alcohol.",2025-08-15T13:02:56.651996-04:00,01K2QAWKF5V6255MQC4V1D9FQT,2025-08-15T13:02:56.651996-04:00,underinclusion,2025-08-15T13:02:56.651996-04:00,"While driving under the influence of alcohol, a young woman suffered a car accident that ended her life. In order to avoid future accidents, Congress established a law: ""If a police-administered breathalyzer test detects any trace of alcohol, the driver’s vehicle will be seized and the driver subject to imprisonment.""",2025-08-15T13:02:56.651996-04:00,true,2025-08-15T13:03:02.194291-04:00,01K2QAWKFQGR9NZ4Q4VW0SB00G,2025-08-15T13:02:56.651996-04:00,4,2025-08-15T13:02:56.651996-04:00,3,2025-08-15T13:02:56.651996-04:00,Did Ursula break the rule?,2025-08-15T13:02:56.651996-04:00,driving,2025-08-15T13:02:56.651996-04:00,1,2025-08-15T13:02:56.70198-04:00,true,2025-08-15T13:03:01.119322-04:00
01K2QB75VVYT9294ZH94JQNY5S,"Veronica is a frequent commuter on a local train. She sits at one of the benches while excitingly talking over the phone with one of her best friends. Before the call is over, her train arrives at the station and she gets onboard.",2025-08-15T13:07:42.075429-04:00,01K2QB1V25FDAP7C3B0JZFSW0F,2025-08-15T13:07:42.075429-04:00,compliance,2025-08-15T13:07:42.075429-04:00,"A group of people slept on the benches at the train station every night. To avoid use of the station concourse as accommodation or overnight shelter, the station manager established a rule: “No sleeping is allowed on the station benches”.",2025-08-15T13:07:42.075429-04:00,true,2025-08-15T13:07:59.205826-04:00,01K2QB1V2QW2F16B5TXV6VK2ZT,2025-08-15T13:07:42.075429-04:00,4,2025-08-15T13:07:42.075429-04:00,3,2025-08-15T13:07:42.075429-04:00,Did Veronica break the rule?,2025-08-15T13:07:42.075429-04:00,sleep,2025-08-15T13:07:42.075429-04:00,1,2025-08-15T13:07:42.123683-04:00,true,2025-08-15T13:07:55.104236-04:00
01K2QAYF4BZ996SWP4DM5NSQJQ,Joanna walks into the park. She takes a long and relaxing stroll observing the trees and birds.,2025-08-15T13:02:56.651252-04:00,01K2QAWKF5V6255MQC4V1D9FQT,2025-08-15T13:02:56.651252-04:00,compliance,2025-08-15T13:02:56.651252-04:00,"One day at the local park, there was a tragic accident involving a pedestrian and a car. Aiming to avoid accidents that could endanger parkgoers or jeopardize their physical integrity, the park administrators established a rule that: “No cars are allowed inside the park”.",2025-08-15T13:02:56.651252-04:00,true,2025-08-15T13:03:05.125109-04:00,01K2QAWKFQGR9NZ4Q4VW0SB00G,2025-08-15T13:02:56.651252-04:00,6,2025-08-15T13:02:56.651252-04:00,5,2025-08-15T13:02:56.651252-04:00,Did Joanna break the rule?,2025-08-15T13:02:56.651252-04:00,vehicles,2025-08-15T13:02:56.651252-04:00,1,2025-08-15T13:02:56.718697-04:00,true,2025-08-15T13:03:03.573145-04:00
01K2QAZWVB65398GGTMRZW9E8V,"Robert is a homeless person. As the streets are cold and uncomfortable, he goes to the train station, lies down in one of the benches, where he sleeps soundly throughout the night.",2025-08-15T13:03:43.467364-04:00,01K2QAWXBGEB3B9E2DG8G4BRJN,2025-08-15T13:03:43.467364-04:00,violation,2025-08-15T13:03:43.467364-04:00,"A group of people slept on the benches at the train station every night. To avoid use of the station concourse as accommodation or overnight shelter, the station manager established a rule: “No sleeping is allowed on the station benches”.",2025-08-15T13:03:43.467364-04:00,true,2025-08-15T13:03:46.803146-04:00,01K2QAWXC1FZZAQ9RXE3A2H2A9,2025-08-15T13:03:43.467364-04:00,3,2025-08-15T13:03:43.467364-04:00,2,2025-08-15T13:03:43.467364-04:00,Did Robert break the rule?,2025-08-15T13:03:43.467364-04:00,sleep,2025-08-15T13:03:43.467364-04:00,1,2025-08-15T13:03:43.504412-04:00,true,2025-08-15T13:03:45.942196-04:00
01K2QB75VXDM93DTRPWY7CW7W2,"Heather, a student at Figuria University, borrows some books from the library. To help her study, she folds several of the books' pages inward so as to easily return to them later. This creates permanent creases on the books' pages. After finishing his study, she returns the book to the library.",2025-08-15T13:07:42.077639-04:00,01K2QB1V25FDAP7C3B0JZFSW0F,2025-08-15T13:07:42.077639-04:00,underinclusion,2025-08-15T13:07:42.077639-04:00,"After noticing damage to returned library books, the Figuria University Library created the following rule: “Making notes and scribbling on library-owned books is strictly forbidden”.",2025-08-15T13:07:42.077639-04:00,true,2025-08-15T13:08:11.71501-04:00,01K2QB1V2QW2F16B5TXV6VK2ZT,2025-08-15T13:07:42.077639-04:00,7,2025-08-15T13:07:42.077639-04:00,6,2025-08-15T13:07:42.077639-04:00,Did Heather break the rule?,2025-08-15T13:07:42.077639-04:00,library,2025-08-15T13:07:42.077639-04:00,1,2025-08-15T13:07:42.14883-04:00,true,2025-08-15T13:08:07.71522-04:00
01K2QB9FC6T3M5S645HEYFT0WB,Lewis drives his car to work after having breakfast and drinking water. He is stopped by the police on his way and takes a breathalyzer test that detects no traces of alcohol.,2025-08-15T13:08:57.350948-04:00,01K2QB22NMJ7AEWF6QNPWHP7FH,2025-08-15T13:08:57.350948-04:00,compliance,2025-08-15T13:08:57.350948-04:00,"While driving under the influence of alcohol, a young woman suffered a car accident that ended her life. In order to avoid future accidents, Congress established a law: ""If a police-administered breathalyzer test detects any trace of alcohol, the driver’s vehicle will be seized and the driver subject to imprisonment.""",2025-08-15T13:08:57.350948-04:00,true,2025-08-15T13:09:05.93849-04:00,01K2QB22P295DWW783NCJ18DFY,2025-08-15T13:08:57.350948-04:00,2,2025-08-15T13:08:57.350948-04:00,1,2025-08-15T13:08:57.350948-04:00,Did Lewis break the rule?,2025-08-15T13:08:57.350948-04:00,driving,2025-08-15T13:08:57.350948-04:00,1,2025-08-15T13:08:57.386233-04:00,true,2025-08-15T13:09:02.796199-04:00
01K2QB9FCMS6YDSGBZ82VXTZEP,"Martha is late to a court appointment. She hops into her motorbike and heads downtown. Halfway through, she realizes that she might get there earlier by taking a shortcut through the park. She enters the park in her motorbike, cutting several minutes off her commute time.",2025-08-15T13:08:57.364072-04:00,01K2QB22NMJ7AEWF6QNPWHP7FH,2025-08-15T13:08:57.364072-04:00,underinclusion,2025-08-15T13:08:57.364072-04:00,"One day at the local park, there was a tragic accident involving a pedestrian and a car. Aiming to avoid accidents that could endanger parkgoers or jeopardize their physical integrity, the park administrators established a rule that: “No cars are allowed inside the park”.",2025-08-15T13:08:57.364072-04:00,true,2025-08-15T13:09:33.147979-04:00,01K2QB22P295DWW783NCJ18DFY,2025-08-15T13:08:57.364072-04:00,8,2025-08-15T13:08:57.364072-04:00,7,2025-08-15T13:08:57.364072-04:00,Did Martha break the rule?,2025-08-15T13:08:57.364072-04:00,vehicles,2025-08-15T13:08:57.364072-04:00,1,2025-08-15T13:08:57.441871-04:00,true,2025-08-15T13:09:29.130067-04:00
01K2QAZ5T3HWDHE85N30VJBDJJ,"Andrea is late to work. While getting ready as fast as she can, Andrea uses mouthwash that contains alcohol. Despite her tardiness, Andrea drives carefully. On her way, she is stopped by the police. The breathalyzer test detects a small amount of alcohol.",2025-08-15T13:03:19.875562-04:00,01K2QAWQJD5D6BKAZVS6RTNAR3,2025-08-15T13:03:19.875562-04:00,overinclusion,2025-08-15T13:03:19.875562-04:00,"While driving under the influence of alcohol, a young woman suffered a car accident that ended her life. In order to avoid future accidents, Congress established a law: ""If a police-administered breathalyzer test detects any trace of alcohol, the driver’s vehicle will be seized and the driver subject to imprisonment.""",2025-08-15T13:03:19.875562-04:00,true,2025-08-15T13:03:25.017516-04:00,01K2QAWQJXX669KX4WQBJPYGMV,2025-08-15T13:03:19.875562-04:00,4,2025-08-15T13:03:19.875562-04:00,3,2025-08-15T13:03:19.875562-04:00,Did Andrea break the rule?,2025-08-15T13:03:19.875562-04:00,driving,2025-08-15T13:03:19.875562-04:00,1,2025-08-15T13:03:19.923625-04:00,true,2025-08-15T13:03:23.978307-04:00
01K2QAZ5T5Z1Z2BZ89FR7C5GZ5,"Carlos walks around barefoot unless footwear is strictly necessary. On a rainy day, he walks from his house to Maria’s apartment. Carlos walks into Maria’s home with his feet muddy, dirtying Maria’s carpet.",2025-08-15T13:03:19.877753-04:00,01K2QAWQJD5D6BKAZVS6RTNAR3,2025-08-15T13:03:19.877753-04:00,underinclusion,2025-08-15T13:03:19.877753-04:00,"One day, a guest entered Maria’s house with his shoes on and dirtied the carpet in her living room. In order to keep her house as clean as possible, Maria established that “Wearing shoes in the house is not allowed”.",2025-08-15T13:03:19.877753-04:00,true,2025-08-15T13:03:27.639542-04:00,01K2QAWQJXX669KX4WQBJPYGMV,2025-08-15T13:03:19.877753-04:00,6,2025-08-15T13:03:19.877753-04:00,5,2025-08-15T13:03:19.877753-04:00,Did Carlos break the rule?,2025-08-15T13:03:19.877753-04:00,shoes,2025-08-15T13:03:19.877753-04:00,1,2025-08-15T13:03:19.940826-04:00,true,2025-08-15T13:03:26.482302-04:00
01K2QAYF4A5V1DB36DVYHBTD2P,"Marcos, a student at Figuria University, borrows some books from the library. To help him study, he takes notes on the page margins. This helps Marcos make connections between important points in his assigned readings. After finishing his study, he meticulously erases all his notes, and returns the books in the same condition he borrowed them in.",2025-08-15T13:02:56.650768-04:00,01K2QAWKF5V6255MQC4V1D9FQT,2025-08-15T13:02:56.650768-04:00,overinclusion,2025-08-15T13:02:56.650768-04:00,"After noticing damage to returned library books, the Figuria University Library created the following rule: “Making notes and scribbling on library-owned books is strictly forbidden”.",2025-08-15T13:02:56.650768-04:00,true,2025-08-15T13:03:01.097511-04:00,01K2QAWKFQGR9NZ4Q4VW0SB00G,2025-08-15T13:02:56.650768-04:00,3,2025-08-15T13:02:56.650768-04:00,2,2025-08-15T13:02:56.650768-04:00,Did Marcos break the rule?,2025-08-15T13:02:56.650768-04:00,library,2025-08-15T13:02:56.650768-04:00,1,2025-08-15T13:02:56.692856-04:00,true,2025-08-15T13:02:59.748061-04:00
01K2QB4YFD92KQ0GZ3N3P1ZZAC,"John just bought a brand new pair of dress shoes. In the hallway out front Maria’s apartment, he takes the shoes out of the box for the first time and puts them on. John then walks around Maria’s apartment in his pristine dress shoes.",2025-08-15T13:06:28.973435-04:00,01K2QB1FMGQTR04DSF89JKEWNV,2025-08-15T13:06:28.973435-04:00,overinclusion,2025-08-15T13:06:28.973435-04:00,"One day, a guest entered Maria’s house with his shoes on and dirtied the carpet in her living room. In order to keep her house as clean as possible, Maria established that “Wearing shoes in the house is not allowed”.",2025-08-15T13:06:28.973435-04:00,true,2025-08-15T13:06:57.573187-04:00,01K2QB1FN0RTA59BMSCCQHNFDR,2025-08-15T13:06:28.973435-04:00,6,2025-08-15T13:06:28.973435-04:00,5,2025-08-15T13:06:28.973435-04:00,Did John break the rule?,2025-08-15T13:06:28.973435-04:00,shoes,2025-08-15T13:06:28.973435-04:00,1,2025-08-15T13:06:29.033566-04:00,true,2025-08-15T13:06:54.389931-04:00
01K2QB9FC9Z6QQFM7BDQV1J4J8,"Marcos, a student at Figuria University, borrows some books from the library. To help him study, he takes notes on the page margins. This helps Marcos make connections between important points in his assigned readings. After finishing his study, he meticulously erases all his notes, and returns the books in the same condition he borrowed them in.",2025-08-15T13:08:57.353284-04:00,01K2QB22NMJ7AEWF6QNPWHP7FH,2025-08-15T13:08:57.353284-04:00,overinclusion,2025-08-15T13:08:57.353284-04:00,"After noticing damage to returned library books, the Figuria University Library created the following rule: “Making notes and scribbling on library-owned books is strictly forbidden”.",2025-08-15T13:08:57.353284-04:00,true,2025-08-15T13:09:19.41326-04:00,01K2QB22P295DWW783NCJ18DFY,2025-08-15T13:08:57.353284-04:00,5,2025-08-15T13:08:57.353284-04:00,4,2025-08-15T13:08:57.353284-04:00,Did Marcos break the rule?,2025-08-15T13:08:57.353284-04:00,library,2025-08-15T13:08:57.353284-04:00,1,2025-08-15T13:08:57.415502-04:00,true,2025-08-15T13:09:14.601121-04:00
01K2QAX7VS6YPY18BEZPNCYCA9,"Heather, a student at Figuria University, borrows some books from the library. To help her study, she folds several of the books' pages inward so as to easily return to them later. This creates permanent creases on the books' pages. After finishing his study, she returns the book to the library.",2025-08-15T13:02:16.44126-04:00,01K2QAWG3MDEZ9NDS9QH0QFJBJ,2025-08-15T13:02:16.44126-04:00,underinclusion,2025-08-15T13:02:16.44126-04:00,"After noticing damage to returned library books, the Figuria University Library created the following rule: “Making notes and scribbling on library-owned books is strictly forbidden”.",2025-08-15T13:02:16.44126-04:00,true,2025-08-15T13:02:25.898291-04:00,01K2QAWG4R9KZ2ZDRE9JK01K7Z,2025-08-15T13:02:16.44126-04:00,2,2025-08-15T13:02:16.44126-04:00,1,2025-08-15T13:02:16.44126-04:00,Did Heather break the rule?,2025-08-15T13:02:16.44126-04:00,library,2025-08-15T13:02:16.44126-04:00,1,2025-08-15T13:02:16.473081-04:00,true,2025-08-15T13:02:24.00031-04:00
01K2QAX7VV0A5Y1T8N2QMTS5G8,April has diabetes. She is not feeling well in class and must eat something sweet immediately to avoid fainting. April finds a chocolate bar in her purse and takes a bite. She feels better and is able to concentrate on the lesson again.,2025-08-15T13:02:16.443552-04:00,01K2QAWG3MDEZ9NDS9QH0QFJBJ,2025-08-15T13:02:16.443552-04:00,overinclusion,2025-08-15T13:02:16.443552-04:00,"Students who snack during class often drop their food in the classroom. To keep the classrooms clean, the school has decided to ban food in the classroom.",2025-08-15T13:02:16.443552-04:00,true,2025-08-15T13:02:36.70297-04:00,01K2QAWG4R9KZ2ZDRE9JK01K7Z,2025-08-15T13:02:16.443552-04:00,5,2025-08-15T13:02:16.443552-04:00,4,2025-08-15T13:02:16.443552-04:00,Did April break the rule?,2025-08-15T13:02:16.443552-04:00,classroom,2025-08-15T13:02:16.443552-04:00,1,2025-08-15T13:02:16.499017-04:00,true,2025-08-15T13:02:34.9442-04:00
